source,destination,firstName,lastName,city,typeOfCar,noOfSeats
bhugaon,vimanagar,anjali,chavan,pune,mini,4
source,destination,firstName,lastName,city,typeOfCar,noOfSeats
bhugaon,vimanagar,anjali,chavan,pune,mini,4
source,destination,firstName,lastName,city,typeOfCar,noOfSeats
bhukkum,vishrantwadi,anjali,chavan,pune,mini,4
partner,source,destination,firstName,lastName,city,typeOfCar,noOfSeats
uber,bhukkum,vishrantwadi,anjali,thorat,pune,mini,4
partner,source,destination,firstName,lastName,city,typeOfCar,noOfSeats
uber,bhukkum,vishrantwadi,anjali,thorat,pune,mini,4
partner,source,destination,firstName,lastName,city,typeOfCar,noOfSeats
uber,bhukkum,vishrantwadi,anjali,thorat,pune,mini,4
partner,source,destination,firstName,lastName,city,typeOfCar,noOfSeats
uber,bhukkum,vishrantwadi,pratik,thorat,pune,mini,4
partner,source,destination,firstName,lastName,city,typeOfCar,noOfSeats
uber,bhukkum,vishrantwadi,pratik,thorat,pune,mini,4
partner,source,destination,firstName,lastName,city,typeOfCar,noOfSeats
uber,bhukkum,vishrantwadi,priyanka,patil,pune,mini,4
partner,source,destination,firstName,lastName,city,typeOfCar,noOfSeats
uber,bhukkum,vishrantwadi,pratik,thorat,pune,mini,4
partner,source,destination,firstName,lastName,city,typeOfCar,noOfSeats
uber,bhukkum,vishrantwadi,pratik,thorat,pune,mini,4
partner,source,destination,firstName,lastName,city,typeOfCar,noOfSeats
uber,bhukkum,vishrantwadi,pratik,thorat,pune,mini,4
partner,source,destination,firstName,lastName,city,typeOfCar,noOfSeats
uber,bhukkum,vishrantwadi,pratik,thorat,pune,mini,4
partner,source,destination,firstName,lastName,city,typeOfCar,noOfSeats
uber,bhukkum,vishrantwadi,pratik,thorat,pune,mini,4
partner,source,destination,firstName,lastName,city,typeOfCar,noOfSeats
uber,bhukkum,vishrantwadi,pratik,thorat,pune,mini,4
partner,source,destination,firstName,lastName,city,typeOfCar,noOfSeats
uber,bhukkum,vishrantwadi,pratik,thorat,pune,mini,4
